<?xml version="1.0" encoding="UTF-8"?>
<project-private xmlns="http://www.netbeans.org/ns/project-private/1">
    <editor-bookmarks xmlns="http://www.netbeans.org/ns/editor-bookmarks/2" lastBookmarkId="0"/>
    <open-files xmlns="http://www.netbeans.org/ns/projectui-open-files/2">
        <group>
            <file>file:/C:/Users/Javith/Documents/GitHub/PrograPOO1/prograpoo1/src/Interfaz/SolicitarViajes.java</file>
            <file>file:/C:/Users/Javith/Documents/GitHub/PrograPOO1/prograpoo1/src/Archivos/GuardarXML.java</file>
            <file>file:/C:/Users/Javith/Documents/GitHub/PrograPOO1/prograpoo1/src/Interfaz/InterfazViajesUsuario.java</file>
            <file>file:/C:/Users/Javith/Documents/GitHub/PrograPOO1/prograpoo1/src/Archivos/AdministradorArchivos.java</file>
        </group>
    </open-files>
</project-private>
